{
  "document_metadata": {
    "title": "AGI TR 1-6 Transportation Master Gantt Chart - Option C",
    "source_file": "option_c.tsv",
    "generated_at": "2026-01-21T07:06:36.611084Z",
    "total_activities": 139
  },
  "activities": [
    {
      "level1": "MOBILIZATION",
      "level2": null,
      "activity_id": null,
      "activity_name": "MOBILIZATION",
      "duration": 10.0,
      "planned_start": "2026-01-26",
      "planned_finish": "2026-02-04"
    },
    {
      "level1": "MOBILIZATION",
      "level2": "SPMT",
      "activity_id": null,
      "activity_name": "SPMT",
      "duration": 10.0,
      "planned_start": "2026-01-26",
      "planned_finish": "2026-02-04"
    },
    {
      "level1": "MOBILIZATION",
      "level2": "SPMT",
      "activity_id": "A1000",
      "activity_name": "Mobilization of 1st set of SPMT; Asembly + Function Test",
      "duration": 1.0,
      "planned_start": "2026-01-26",
      "planned_finish": "2026-01-26"
    },
    {
      "level1": "MOBILIZATION",
      "level2": "SPMT",
      "activity_id": "A1010",
      "activity_name": "Mobilization of 2nd set of SPMT; Assembly + Function test",
      "duration": 1.0,
      "planned_start": "2026-02-04",
      "planned_finish": "2026-02-04"
    },
    {
      "level1": "MOBILIZATION",
      "level2": "MARINE",
      "activity_id": null,
      "activity_name": "MARINE",
      "duration": 0.5,
      "planned_start": "2026-01-26",
      "planned_finish": "2026-01-26"
    },
    {
      "level1": "MOBILIZATION",
      "level2": "MARINE",
      "activity_id": "A1001",
      "activity_name": "Mobilization of Marine Equipment and Steelworks",
      "duration": 0.5,
      "planned_start": "2026-01-26",
      "planned_finish": "2026-01-26"
    },
    {
      "level1": "MOBILIZATION",
      "level2": "JACKING EQUIPMENT, STEEL BRIDGE",
      "activity_id": null,
      "activity_name": "JACKING EQUIPMENT, STEEL BRIDGE",
      "duration": 1.0,
      "planned_start": "2026-01-29",
      "planned_finish": "2026-01-30"
    },
    {
      "level1": "MOBILIZATION",
      "level2": "JACKING EQUIPMENT, STEEL BRIDGE",
      "activity_id": "A2010",
      "activity_name": "Mobilization of Jacking Equipment and Steel bridge (prior LCT's arrival to AGI with TR 1&2!))",
      "duration": 1.0,
      "planned_start": "2026-01-29",
      "planned_finish": "2026-01-30"
    },
    {
      "level1": "DEMOBILIZATION",
      "level2": null,
      "activity_id": null,
      "activity_name": "DEMOBILIZATION",
      "duration": 55.0,
      "planned_start": "2026-01-27",
      "planned_finish": "2026-03-22"
    },
    {
      "level1": "DEMOBILIZATION",
      "level2": "SPMT",
      "activity_id": null,
      "activity_name": "SPMT",
      "duration": 5.5,
      "planned_start": "2026-03-15",
      "planned_finish": "2026-03-20"
    },
    {
      "level1": "DEMOBILIZATION",
      "level2": "SPMT",
      "activity_id": "A1980",
      "activity_name": "Demobilization of 2nd set of SPMT",
      "duration": 1.0,
      "planned_start": "2026-03-15",
      "planned_finish": "2026-03-15"
    },
    {
      "level1": "DEMOBILIZATION",
      "level2": "SPMT",
      "activity_id": "A1990",
      "activity_name": "Demobilization of 1st set of SPMT",
      "duration": 1.0,
      "planned_start": "2026-03-19",
      "planned_finish": "2026-03-20"
    },
    {
      "level1": "DEMOBILIZATION",
      "level2": "MARINE",
      "activity_id": null,
      "activity_name": "MARINE",
      "duration": 1.0,
      "planned_start": "2026-01-27",
      "planned_finish": "2026-01-27"
    },
    {
      "level1": "DEMOBILIZATION",
      "level2": "MARINE",
      "activity_id": "A2000",
      "activity_name": "Demobilization of Marine Equipment and Steelworks",
      "duration": 1.0,
      "planned_start": "2026-01-27",
      "planned_finish": "2026-01-27"
    },
    {
      "level1": "DEMOBILIZATION",
      "level2": "JACKING EQUIPMENT, STEEL BRIDGE",
      "activity_id": null,
      "activity_name": "JACKING EQUIPMENT, STEEL BRIDGE",
      "duration": 1.0,
      "planned_start": "2026-03-22",
      "planned_finish": "2026-03-22"
    },
    {
      "level1": "DEMOBILIZATION",
      "level2": "JACKING EQUIPMENT, STEEL BRIDGE",
      "activity_id": "A2020",
      "activity_name": "Demobilization of Jacking Equipment and Steel bridge",
      "duration": 1.0,
      "planned_start": "2026-03-22",
      "planned_finish": "2026-03-22"
    },
    {
      "level1": "OPERATIONAL",
      "level2": null,
      "activity_id": null,
      "activity_name": "OPERATIONAL",
      "duration": 54.0,
      "planned_start": "2026-01-27",
      "planned_finish": "2026-03-21"
    },
    {
      "level1": "OPERATIONAL",
      "level2": "Beam Replacement",
      "activity_id": null,
      "activity_name": "Beam Replacement",
      "duration": 44.0,
      "planned_start": "2026-01-27",
      "planned_finish": "2026-03-11"
    },
    {
      "level1": "OPERATIONAL",
      "level2": "Beam Replacement",
      "activity_id": "A1002",
      "activity_name": "Beam Replacement AGI TR Unit 1 (TR Bay 4) - Two 5t forklifts required",
      "duration": 1.0,
      "planned_start": "2026-01-27",
      "planned_finish": "2026-01-27"
    },
    {
      "level1": "OPERATIONAL",
      "level2": "Beam Replacement",
      "activity_id": "A1003",
      "activity_name": "Beam Replacement AGI TR Unit 2 (TR Bay 3) - Two 5t forklifts required",
      "duration": 1.0,
      "planned_start": "2026-01-28",
      "planned_finish": "2026-01-28"
    },
    {
      "level1": "OPERATIONAL",
      "level2": "Beam Replacement",
      "activity_id": "A1013",
      "activity_name": "Beam Replacement AGI TR Unit 3 (TR Bay 2) - Two 5t forklifts required",
      "duration": 1.0,
      "planned_start": "2026-02-11",
      "planned_finish": "2026-02-11"
    },
    {
      "level1": "OPERATIONAL",
      "level2": "Beam Replacement",
      "activity_id": "A1023",
      "activity_name": "Beam Replacement AGI TR Unit 4 (TR Bay 1) - Two 5t forklifts required",
      "duration": 1.0,
      "planned_start": "2026-02-18",
      "planned_finish": "2026-02-18"
    },
    {
      "level1": "OPERATIONAL",
      "level2": "Beam Replacement",
      "activity_id": "A1033",
      "activity_name": "Beam Replacement AGI TR Unit 5 (TR Bay 5) - Two 5t forklifts required",
      "duration": 1.0,
      "planned_start": "2026-02-25",
      "planned_finish": "2026-02-25"
    },
    {
      "level1": "OPERATIONAL",
      "level2": "Beam Replacement",
      "activity_id": "A1043",
      "activity_name": "Beam Replacement AGI TR Unit 6 (TR Bay 6) - Two 5t forklifts required",
      "duration": 1.0,
      "planned_start": "2026-03-04",
      "planned_finish": "2026-03-04"
    },
    {
      "level1": "OPERATIONAL",
      "level2": "Beam Replacement",
      "activity_id": "A1053",
      "activity_name": "Beam Replacement AGI TR Unit 7 (TR Bay 7) - Two 5t forklifts required",
      "duration": 1.0,
      "planned_start": "2026-03-11",
      "planned_finish": "2026-03-11"
    },
    {
      "level1": "OPERATIONAL",
      "level2": "Deck Preparations",
      "activity_id": null,
      "activity_name": "Deck Preparations",
      "duration": 2.0,
      "planned_start": "2026-01-27",
      "planned_finish": "2026-01-28"
    },
    {
      "level1": "OPERATIONAL",
      "level2": "Deck Preparations",
      "activity_id": "A1004",
      "activity_name": "Deck Preparations (D-ring cutting; marking, steel sets installation) - One 5t forklift and Crane required",
      "duration": 1.0,
      "planned_start": "2026-01-27",
      "planned_finish": "2026-01-27"
    },
    {
      "level1": "OPERATIONAL",
      "level2": "Deck Preparations",
      "activity_id": "A1005",
      "activity_name": "Deck Preparations (Steel sets installation, welding) - Crane Required for steel sets installation",
      "duration": 1.0,
      "planned_start": "2026-01-28",
      "planned_finish": "2026-01-28"
    },
    {
      "level1": "OPERATIONAL",
      "level2": "AGI TR Unit 1",
      "activity_id": null,
      "activity_name": "AGI TR Unit 1",
      "duration": 10.0,
      "planned_start": "2026-01-29",
      "planned_finish": "2026-02-07"
    },
    {
      "level1": "OPERATIONAL",
      "level2": "AGI TR Unit 1",
      "activity_id": "A1030",
      "activity_name": "Loading of AGI TR Unit 1 on SPMT; lashing; Shifting to Mina Zayed Port RoRo Jetty area",
      "duration": 0.3,
      "planned_start": "2026-01-29",
      "planned_finish": "2026-01-29"
    },
    {
      "level1": "OPERATIONAL",
      "level2": "AGI TR Unit 1",
      "activity_id": "A1040",
      "activity_name": "RoRo Ramp Installation - 5t Frokift and Crane required",
      "duration": 0.3,
      "planned_start": "2026-01-29",
      "planned_finish": "2026-01-29"
    },
    {
      "level1": "OPERATIONAL",
      "level2": "AGI TR Unit 1",
      "activity_id": "A1060",
      "activity_name": "Load-out of AGL TR Unit 1; stool down (8am-10am)",
      "duration": 0.2,
      "planned_start": "2026-01-29",
      "planned_finish": "2026-01-29"
    },
    {
      "level1": "OPERATIONAL",
      "level2": "AGI TR Unit 1",
      "activity_id": "A1070",
      "activity_name": "RoRo ramp removal; Seafastening AGL TR Unit 1 - Crane required",
      "duration": 1.5,
      "planned_start": "2026-01-29",
      "planned_finish": "2026-01-30"
    },
    {
      "level1": "OPERATIONAL",
      "level2": "AGI TR Unit 1",
      "activity_id": "A1081",
      "activity_name": "MWS; MPI; Sail-away - Marine Transportation by LCT to Al Ghallan Island",
      "duration": 1.0,
      "planned_start": "2026-01-31",
      "planned_finish": "2026-01-31"
    },
    {
      "level1": "OPERATIONAL",
      "level2": "AGI TR Unit 1",
      "activity_id": "A1090",
      "activity_name": "MMT Crew Mob to AGI; Site Induction; Meeting with Client",
      "duration": 0.5,
      "planned_start": "2026-02-01",
      "planned_finish": "2026-02-01"
    },
    {
      "level1": "OPERATIONAL",
      "level2": "AGI TR Unit 1",
      "activity_id": "A1091",
      "activity_name": "LCT Arrival; Berthing at AGL RoRo Jetty",
      "duration": 0.5,
      "planned_start": "2026-02-01",
      "planned_finish": "2026-02-01"
    },
    {
      "level1": "OPERATIONAL",
      "level2": "AGI TR Unit 1",
      "activity_id": "A1100",
      "activity_name": "Unlashing and cutting; steel sets preparations - Forklift required",
      "duration": 0.5,
      "planned_start": "2026-02-01",
      "planned_finish": "2026-02-01"
    },
    {
      "level1": "OPERATIONAL",
      "level2": "AGI TR Unit 1",
      "activity_id": "A1110",
      "activity_name": "Load-in of AGI TR Unit 1 (including RoRo Ramp Installation); store on Jetty - Crane required",
      "duration": 1.0,
      "planned_start": "2026-02-02",
      "planned_finish": "2026-02-02"
    },
    {
      "level1": "OPERATIONAL",
      "level2": "AGI TR Unit 1",
      "activity_id": "A1121",
      "activity_name": "LCT Sails back to MZP to collect TR Unit 1",
      "duration": 1.0,
      "planned_start": "2026-02-03",
      "planned_finish": "2026-02-03"
    },
    {
      "level1": "OPERATIONAL",
      "level2": "AGI TR Unit 1",
      "activity_id": "A1122",
      "activity_name": "Steel bridge Installation - Crane required",
      "duration": 0.3,
      "planned_start": "2026-02-03",
      "planned_finish": "2026-02-03"
    },
    {
      "level1": "OPERATIONAL",
      "level2": "AGI TR Unit 1",
      "activity_id": "A1140",
      "activity_name": "AGL TR Unit 1 (TR Bay 4) load on SPMT; lashing; Transportation and JD (steel set to be delivered to bay area by trailer)",
      "duration": 0.7,
      "planned_start": "2026-02-03",
      "planned_finish": "2026-02-03"
    },
    {
      "level1": "OPERATIONAL",
      "level2": "AGI TR Unit 1",
      "activity_id": "A1141",
      "activity_name": "Turning of AGI TR Unit 1 (TR Bay 4) - 10t Forklift required",
      "duration": 3.0,
      "planned_start": "2026-02-04",
      "planned_finish": "2026-02-06"
    },
    {
      "level1": "OPERATIONAL",
      "level2": "AGI TR Unit 1",
      "activity_id": "A1150",
      "activity_name": "Jacking down of AGI TR Unit 1 (TR Bay 4) on temporary support - Forklift required",
      "duration": 1.0,
      "planned_start": "2026-02-07",
      "planned_finish": "2026-02-07"
    },
    {
      "level1": "OPERATIONAL",
      "level2": "AGI TR Unit 1",
      "activity_id": "A1181",
      "activity_name": "SPMT shifting back to Port",
      "duration": 0.5,
      "planned_start": "2026-02-05",
      "planned_finish": "2026-02-05"
    },
    {
      "level1": "OPERATIONAL",
      "level2": "AGI TR Unit 2",
      "activity_id": null,
      "activity_name": "AGI TR Unit 2",
      "duration": 11.0,
      "planned_start": "2026-02-04",
      "planned_finish": "2026-02-14"
    },
    {
      "level1": "OPERATIONAL",
      "level2": "AGI TR Unit 2",
      "activity_id": "A2029",
      "activity_name": "LCT Arrives at MZP; Deck preparations",
      "duration": 1.0,
      "planned_start": "2026-02-04",
      "planned_finish": "2026-02-04"
    },
    {
      "level1": "OPERATIONAL",
      "level2": "AGI TR Unit 2",
      "activity_id": "A2030",
      "activity_name": "Loading of AGI TR Unit 2 on SPMT; lashing; Shifting to Mina Zayed Port RoRo Jetty area",
      "duration": 0.3,
      "planned_start": "2026-02-05",
      "planned_finish": "2026-02-05"
    },
    {
      "level1": "OPERATIONAL",
      "level2": "AGI TR Unit 2",
      "activity_id": "A2040",
      "activity_name": "RoRo Ramp Installation - 5t Frokift and Crane required",
      "duration": 0.3,
      "planned_start": "2026-02-05",
      "planned_finish": "2026-02-05"
    },
    {
      "level1": "OPERATIONAL",
      "level2": "AGI TR Unit 2",
      "activity_id": "A2050",
      "activity_name": "Load-out of AGL TR Unit 2; stool down",
      "duration": 0.2,
      "planned_start": "2026-02-05",
      "planned_finish": "2026-02-05"
    },
    {
      "level1": "OPERATIONAL",
      "level2": "AGI TR Unit 2",
      "activity_id": "A2060",
      "activity_name": "RoRo ramp removal; Seafastening AGL TR Unit 2 - Crane required",
      "duration": 1.5,
      "planned_start": "2026-02-05",
      "planned_finish": "2026-02-06"
    },
    {
      "level1": "OPERATIONAL",
      "level2": "AGI TR Unit 2",
      "activity_id": "A2070",
      "activity_name": "MWS; MPI; Sail-away - Marine Transportation by LCT to Al Ghallan Island",
      "duration": 1.0,
      "planned_start": "2026-02-07",
      "planned_finish": "2026-02-07"
    },
    {
      "level1": "OPERATIONAL",
      "level2": "AGI TR Unit 2",
      "activity_id": "A2090",
      "activity_name": "LCT Arrival; Berthing at AGL RoRo Jetty",
      "duration": 0.5,
      "planned_start": "2026-02-08",
      "planned_finish": "2026-02-08"
    },
    {
      "level1": "OPERATIONAL",
      "level2": "AGI TR Unit 2",
      "activity_id": "A2100",
      "activity_name": "Unlashing and cutting; steel sets preparations - Forklift required",
      "duration": 0.5,
      "planned_start": "2026-02-08",
      "planned_finish": "2026-02-08"
    },
    {
      "level1": "OPERATIONAL",
      "level2": "AGI TR Unit 2",
      "activity_id": "A2110",
      "activity_name": "Load-in of AGI TR Unit 2 (including RoRo Ramp Installation); store on Jetty - Crane required",
      "duration": 1.0,
      "planned_start": "2026-02-09",
      "planned_finish": "2026-02-09"
    },
    {
      "level1": "OPERATIONAL",
      "level2": "AGI TR Unit 2",
      "activity_id": "A2120",
      "activity_name": "LCT Sails back to MZP to collect TR Unit 3 (SPMT to bring back 2pcs of 7.45m transport beam)",
      "duration": 1.0,
      "planned_start": "2026-02-10",
      "planned_finish": "2026-02-10"
    },
    {
      "level1": "OPERATIONAL",
      "level2": "AGI TR Unit 2",
      "activity_id": "A2130",
      "activity_name": "Steel bridge Installation - Crane required",
      "duration": 0.3,
      "planned_start": "2026-02-10",
      "planned_finish": "2026-02-10"
    },
    {
      "level1": "OPERATIONAL",
      "level2": "AGI TR Unit 2",
      "activity_id": "A2140",
      "activity_name": "AGL TR Unit 2 (TR Bay 3) load on SPMT; lashing; Transportation and JD (steel set to be delivered to bay area by trailer)",
      "duration": 0.7,
      "planned_start": "2026-02-10",
      "planned_finish": "2026-02-10"
    },
    {
      "level1": "OPERATIONAL",
      "level2": "AGI TR Unit 2",
      "activity_id": "A2150",
      "activity_name": "Turning of AGI TR Unit 2 (TR Bay 3) - 10t Forklift required",
      "duration": 3.0,
      "planned_start": "2026-02-11",
      "planned_finish": "2026-02-13"
    },
    {
      "level1": "OPERATIONAL",
      "level2": "AGI TR Unit 2",
      "activity_id": "A2160",
      "activity_name": "Jacking down of AGI TR Unit 2 (TR Bay 3) on temporary support - Forklift required",
      "duration": 1.0,
      "planned_start": "2026-02-14",
      "planned_finish": "2026-02-14"
    },
    {
      "level1": "OPERATIONAL",
      "level2": "AGI TR Unit 2",
      "activity_id": "A2170",
      "activity_name": "SPMT shifting back to Port",
      "duration": 0.5,
      "planned_start": "2026-02-12",
      "planned_finish": "2026-02-12"
    },
    {
      "level1": "OPERATIONAL",
      "level2": "AGI TR Unit 3",
      "activity_id": null,
      "activity_name": "AGI TR Unit 3",
      "duration": 11.0,
      "planned_start": "2026-02-11",
      "planned_finish": "2026-02-21"
    },
    {
      "level1": "OPERATIONAL",
      "level2": "AGI TR Unit 3",
      "activity_id": "A2180",
      "activity_name": "LCT Arrives at MZP; Deck preparations; Beam replacement",
      "duration": 1.0,
      "planned_start": "2026-02-11",
      "planned_finish": "2026-02-11"
    },
    {
      "level1": "OPERATIONAL",
      "level2": "AGI TR Unit 3",
      "activity_id": "A2190",
      "activity_name": "Loading of AGI TR Unit 3 on SPMT; lashing; Shifting to Mina Zayed Port RoRo Jetty area",
      "duration": 0.3,
      "planned_start": "2026-02-12",
      "planned_finish": "2026-02-12"
    },
    {
      "level1": "OPERATIONAL",
      "level2": "AGI TR Unit 3",
      "activity_id": "A2200",
      "activity_name": "RoRo Ramp Installation - 5t Frokift and Crane required",
      "duration": 0.3,
      "planned_start": "2026-02-12",
      "planned_finish": "2026-02-12"
    },
    {
      "level1": "OPERATIONAL",
      "level2": "AGI TR Unit 3",
      "activity_id": "A2210",
      "activity_name": "Load-out of AGL TR Unit 3; stool down",
      "duration": 0.2,
      "planned_start": "2026-02-12",
      "planned_finish": "2026-02-12"
    },
    {
      "level1": "OPERATIONAL",
      "level2": "AGI TR Unit 3",
      "activity_id": "A2220",
      "activity_name": "RoRo ramp removal; Seafastening AGL TR Unit 3 - Crane required",
      "duration": 1.5,
      "planned_start": "2026-02-12",
      "planned_finish": "2026-02-13"
    },
    {
      "level1": "OPERATIONAL",
      "level2": "AGI TR Unit 3",
      "activity_id": "A2230",
      "activity_name": "MWS; MPI; Sail-away - Marine Transportation by LCT to Al Ghallan Island",
      "duration": 1.0,
      "planned_start": "2026-02-14",
      "planned_finish": "2026-02-14"
    },
    {
      "level1": "OPERATIONAL",
      "level2": "AGI TR Unit 3",
      "activity_id": "A2250",
      "activity_name": "LCT Arrival; Berthing at AGL RoRo Jetty",
      "duration": 0.5,
      "planned_start": "2026-02-15",
      "planned_finish": "2026-02-15"
    },
    {
      "level1": "OPERATIONAL",
      "level2": "AGI TR Unit 3",
      "activity_id": "A2260",
      "activity_name": "Unlashing and cutting; steel sets preparations - Forklift required",
      "duration": 0.5,
      "planned_start": "2026-02-15",
      "planned_finish": "2026-02-15"
    },
    {
      "level1": "OPERATIONAL",
      "level2": "AGI TR Unit 3",
      "activity_id": "A2270",
      "activity_name": "Load-in of AGI TR Unit 3 (including RoRo Ramp Installation); store on Jetty - Crane required",
      "duration": 1.0,
      "planned_start": "2026-02-16",
      "planned_finish": "2026-02-16"
    },
    {
      "level1": "OPERATIONAL",
      "level2": "AGI TR Unit 3",
      "activity_id": "A2280",
      "activity_name": "LCT Sails back to MZP to collect TR Unit 4",
      "duration": 1.0,
      "planned_start": "2026-02-17",
      "planned_finish": "2026-02-17"
    },
    {
      "level1": "OPERATIONAL",
      "level2": "AGI TR Unit 3",
      "activity_id": "A2290",
      "activity_name": "Steel bridge Installation - Crane required",
      "duration": 0.3,
      "planned_start": "2026-02-17",
      "planned_finish": "2026-02-17"
    },
    {
      "level1": "OPERATIONAL",
      "level2": "AGI TR Unit 3",
      "activity_id": "A2300",
      "activity_name": "AGL TR Unit 3 (TR Bay 2) load on SPMT; lashing; Transportation and JD (steel set to be delivered to bay area by trailer)",
      "duration": 0.7,
      "planned_start": "2026-02-17",
      "planned_finish": "2026-02-17"
    },
    {
      "level1": "OPERATIONAL",
      "level2": "AGI TR Unit 3",
      "activity_id": "A2310",
      "activity_name": "Turning of AGI TR Unit 3 (TR Bay 2) - 10t Forklift required",
      "duration": 3.0,
      "planned_start": "2026-02-18",
      "planned_finish": "2026-02-20"
    },
    {
      "level1": "OPERATIONAL",
      "level2": "AGI TR Unit 3",
      "activity_id": "A2320",
      "activity_name": "Jacking down of AGI TR Unit 3 (TR Bay 2) on temporary support - Forklift required",
      "duration": 1.0,
      "planned_start": "2026-02-21",
      "planned_finish": "2026-02-21"
    },
    {
      "level1": "OPERATIONAL",
      "level2": "AGI TR Unit 3",
      "activity_id": "A2330",
      "activity_name": "SPMT shifting back to Port",
      "duration": 0.5,
      "planned_start": "2026-02-19",
      "planned_finish": "2026-02-19"
    },
    {
      "level1": "OPERATIONAL",
      "level2": "AGI TR Unit 4",
      "activity_id": null,
      "activity_name": "AGI TR Unit 4",
      "duration": 11.0,
      "planned_start": "2026-02-18",
      "planned_finish": "2026-02-28"
    },
    {
      "level1": "OPERATIONAL",
      "level2": "AGI TR Unit 4",
      "activity_id": "A2340",
      "activity_name": "LCT Arrives at MZP; Deck preparations; Beam replacement",
      "duration": 1.0,
      "planned_start": "2026-02-18",
      "planned_finish": "2026-02-18"
    },
    {
      "level1": "OPERATIONAL",
      "level2": "AGI TR Unit 4",
      "activity_id": "A2350",
      "activity_name": "Loading of AGI TR Unit 4 on SPMT; lashing; Shifting to Mina Zayed Port RoRo Jetty area",
      "duration": 0.3,
      "planned_start": "2026-02-19",
      "planned_finish": "2026-02-19"
    },
    {
      "level1": "OPERATIONAL",
      "level2": "AGI TR Unit 4",
      "activity_id": "A2360",
      "activity_name": "RoRo Ramp Installation - 5t Frokift and Crane required",
      "duration": 0.3,
      "planned_start": "2026-02-19",
      "planned_finish": "2026-02-19"
    },
    {
      "level1": "OPERATIONAL",
      "level2": "AGI TR Unit 4",
      "activity_id": "A2370",
      "activity_name": "Load-out of AGL TR Unit 4; stool down",
      "duration": 0.2,
      "planned_start": "2026-02-19",
      "planned_finish": "2026-02-19"
    },
    {
      "level1": "OPERATIONAL",
      "level2": "AGI TR Unit 4",
      "activity_id": "A2380",
      "activity_name": "RoRo ramp removal; Seafastening AGL TR Unit 4 - Crane required",
      "duration": 1.5,
      "planned_start": "2026-02-19",
      "planned_finish": "2026-02-20"
    },
    {
      "level1": "OPERATIONAL",
      "level2": "AGI TR Unit 4",
      "activity_id": "A2390",
      "activity_name": "MWS; MPI; Sail-away - Marine Transportation by LCT to Al Ghallan Island",
      "duration": 1.0,
      "planned_start": "2026-02-21",
      "planned_finish": "2026-02-21"
    },
    {
      "level1": "OPERATIONAL",
      "level2": "AGI TR Unit 4",
      "activity_id": "A2410",
      "activity_name": "LCT Arrival; Berthing at AGL RoRo Jetty",
      "duration": 0.5,
      "planned_start": "2026-02-22",
      "planned_finish": "2026-02-22"
    },
    {
      "level1": "OPERATIONAL",
      "level2": "AGI TR Unit 4",
      "activity_id": "A2420",
      "activity_name": "Unlashing and cutting; steel sets preparations - Forklift required",
      "duration": 0.5,
      "planned_start": "2026-02-22",
      "planned_finish": "2026-02-22"
    },
    {
      "level1": "OPERATIONAL",
      "level2": "AGI TR Unit 4",
      "activity_id": "A2430",
      "activity_name": "Load-in of AGI TR Unit 4 (including RoRo Ramp Installation); store on Jetty - Crane required",
      "duration": 1.0,
      "planned_start": "2026-02-23",
      "planned_finish": "2026-02-23"
    },
    {
      "level1": "OPERATIONAL",
      "level2": "AGI TR Unit 4",
      "activity_id": "A2440",
      "activity_name": "LCT Sails back to MZP to collect TR Unit 5",
      "duration": 1.0,
      "planned_start": "2026-02-24",
      "planned_finish": "2026-02-24"
    },
    {
      "level1": "OPERATIONAL",
      "level2": "AGI TR Unit 4",
      "activity_id": "A2450",
      "activity_name": "Steel bridge Installation - Crane required",
      "duration": 0.3,
      "planned_start": "2026-02-24",
      "planned_finish": "2026-02-24"
    },
    {
      "level1": "OPERATIONAL",
      "level2": "AGI TR Unit 4",
      "activity_id": "A2460",
      "activity_name": "AGL TR Unit 4 (TR Bay 1) load on SPMT; lashing; Transportation and JD (steel set to be delivered to bay area by trailer)",
      "duration": 0.7,
      "planned_start": "2026-02-24",
      "planned_finish": "2026-02-24"
    },
    {
      "level1": "OPERATIONAL",
      "level2": "AGI TR Unit 4",
      "activity_id": "A2470",
      "activity_name": "Turning of AGI TR Unit 4 (TR Bay 1) - 10t Forklift required",
      "duration": 3.0,
      "planned_start": "2026-02-25",
      "planned_finish": "2026-02-27"
    },
    {
      "level1": "OPERATIONAL",
      "level2": "AGI TR Unit 4",
      "activity_id": "A2480",
      "activity_name": "Jacking down of AGI TR Unit 4 (TR Bay 1) on temporary support - Forklift required",
      "duration": 1.0,
      "planned_start": "2026-02-28",
      "planned_finish": "2026-02-28"
    },
    {
      "level1": "OPERATIONAL",
      "level2": "AGI TR Unit 4",
      "activity_id": "A2490",
      "activity_name": "SPMT shifting back to Port",
      "duration": 0.5,
      "planned_start": "2026-02-26",
      "planned_finish": "2026-02-26"
    },
    {
      "level1": "OPERATIONAL",
      "level2": "AGI TR Unit 5",
      "activity_id": null,
      "activity_name": "AGI TR Unit 5",
      "duration": 11.0,
      "planned_start": "2026-02-25",
      "planned_finish": "2026-03-07"
    },
    {
      "level1": "OPERATIONAL",
      "level2": "AGI TR Unit 5",
      "activity_id": "A2500",
      "activity_name": "LCT Arrives at MZP; Deck preparations; Beam replacement",
      "duration": 1.0,
      "planned_start": "2026-02-25",
      "planned_finish": "2026-02-25"
    },
    {
      "level1": "OPERATIONAL",
      "level2": "AGI TR Unit 5",
      "activity_id": "A2510",
      "activity_name": "Loading of AGI TR Unit 5 on SPMT; lashing; Shifting to Mina Zayed Port RoRo Jetty area",
      "duration": 0.3,
      "planned_start": "2026-02-26",
      "planned_finish": "2026-02-26"
    },
    {
      "level1": "OPERATIONAL",
      "level2": "AGI TR Unit 5",
      "activity_id": "A2520",
      "activity_name": "RoRo Ramp Installation - 5t Frokift and Crane required",
      "duration": 0.3,
      "planned_start": "2026-02-26",
      "planned_finish": "2026-02-26"
    },
    {
      "level1": "OPERATIONAL",
      "level2": "AGI TR Unit 5",
      "activity_id": "A2530",
      "activity_name": "Load-out of AGL TR Unit 5; stool down",
      "duration": 0.2,
      "planned_start": "2026-02-26",
      "planned_finish": "2026-02-26"
    },
    {
      "level1": "OPERATIONAL",
      "level2": "AGI TR Unit 5",
      "activity_id": "A2540",
      "activity_name": "RoRo ramp removal; Seafastening AGL TR Unit 5 - Crane required",
      "duration": 1.5,
      "planned_start": "2026-02-26",
      "planned_finish": "2026-02-27"
    },
    {
      "level1": "OPERATIONAL",
      "level2": "AGI TR Unit 5",
      "activity_id": "A2550",
      "activity_name": "MWS; MPI; Sail-away - Marine Transportation by LCT to Al Ghallan Island",
      "duration": 1.0,
      "planned_start": "2026-02-28",
      "planned_finish": "2026-02-28"
    },
    {
      "level1": "OPERATIONAL",
      "level2": "AGI TR Unit 5",
      "activity_id": "A2560",
      "activity_name": "LCT Arrival; Berthing at AGL RoRo Jetty",
      "duration": 0.5,
      "planned_start": "2026-03-01",
      "planned_finish": "2026-03-01"
    },
    {
      "level1": "OPERATIONAL",
      "level2": "AGI TR Unit 5",
      "activity_id": "A2570",
      "activity_name": "Unlashing and cutting; steel sets preparations - Forklift required",
      "duration": 0.5,
      "planned_start": "2026-03-01",
      "planned_finish": "2026-03-01"
    },
    {
      "level1": "OPERATIONAL",
      "level2": "AGI TR Unit 5",
      "activity_id": "A2580",
      "activity_name": "Load-in of AGI TR Unit 5 (including RoRo Ramp Installation); store on Jetty - Crane required",
      "duration": 1.0,
      "planned_start": "2026-03-02",
      "planned_finish": "2026-03-02"
    },
    {
      "level1": "OPERATIONAL",
      "level2": "AGI TR Unit 5",
      "activity_id": "A2590",
      "activity_name": "LCT Sails back to MZP to collect TR Unit 6",
      "duration": 1.0,
      "planned_start": "2026-03-03",
      "planned_finish": "2026-03-03"
    },
    {
      "level1": "OPERATIONAL",
      "level2": "AGI TR Unit 5",
      "activity_id": "A2600",
      "activity_name": "Steel bridge Installation - Crane required",
      "duration": 0.3,
      "planned_start": "2026-03-03",
      "planned_finish": "2026-03-03"
    },
    {
      "level1": "OPERATIONAL",
      "level2": "AGI TR Unit 5",
      "activity_id": "A2610",
      "activity_name": "AGL TR Unit 5 (TR Bay 5) load on SPMT; lashing; Transportation and JD (steel set to be delivered to bay area by trailer)",
      "duration": 0.7,
      "planned_start": "2026-03-03",
      "planned_finish": "2026-03-03"
    },
    {
      "level1": "OPERATIONAL",
      "level2": "AGI TR Unit 5",
      "activity_id": "A2620",
      "activity_name": "Turning of AGI TR Unit 5 (TR Bay 5) - 10t Forklift required",
      "duration": 3.0,
      "planned_start": "2026-03-04",
      "planned_finish": "2026-03-06"
    },
    {
      "level1": "OPERATIONAL",
      "level2": "AGI TR Unit 5",
      "activity_id": "A2630",
      "activity_name": "Jacking down of AGI TR Unit 5 (TR Bay 5) on temporary support - Forklift required",
      "duration": 1.0,
      "planned_start": "2026-03-07",
      "planned_finish": "2026-03-07"
    },
    {
      "level1": "OPERATIONAL",
      "level2": "AGI TR Unit 5",
      "activity_id": "A2640",
      "activity_name": "SPMT shifting back to Port",
      "duration": 0.5,
      "planned_start": "2026-03-05",
      "planned_finish": "2026-03-05"
    },
    {
      "level1": "OPERATIONAL",
      "level2": "AGI TR Unit 6",
      "activity_id": null,
      "activity_name": "AGI TR Unit 6",
      "duration": 11.0,
      "planned_start": "2026-03-04",
      "planned_finish": "2026-03-14"
    },
    {
      "level1": "OPERATIONAL",
      "level2": "AGI TR Unit 6",
      "activity_id": "A2650",
      "activity_name": "LCT Arrives at MZP; Deck preparations; Beam replacement",
      "duration": 1.0,
      "planned_start": "2026-03-04",
      "planned_finish": "2026-03-04"
    },
    {
      "level1": "OPERATIONAL",
      "level2": "AGI TR Unit 6",
      "activity_id": "A2660",
      "activity_name": "Loading of AGI TR Unit 6 on SPMT; lashing; Shifting to Mina Zayed Port RoRo Jetty area",
      "duration": 0.3,
      "planned_start": "2026-03-05",
      "planned_finish": "2026-03-05"
    },
    {
      "level1": "OPERATIONAL",
      "level2": "AGI TR Unit 6",
      "activity_id": "A2670",
      "activity_name": "RoRo Ramp Installation - 5t Frokift and Crane required",
      "duration": 0.3,
      "planned_start": "2026-03-05",
      "planned_finish": "2026-03-05"
    },
    {
      "level1": "OPERATIONAL",
      "level2": "AGI TR Unit 6",
      "activity_id": "A2680",
      "activity_name": "Load-out of AGL TR Unit 6; stool down",
      "duration": 0.2,
      "planned_start": "2026-03-05",
      "planned_finish": "2026-03-05"
    },
    {
      "level1": "OPERATIONAL",
      "level2": "AGI TR Unit 6",
      "activity_id": "A2690",
      "activity_name": "RoRo ramp removal; Seafastening AGL TR Unit 6 - Crane required",
      "duration": 1.5,
      "planned_start": "2026-03-05",
      "planned_finish": "2026-03-06"
    },
    {
      "level1": "OPERATIONAL",
      "level2": "AGI TR Unit 6",
      "activity_id": "A2700",
      "activity_name": "MWS; MPI; Sail-away - Marine Transportation by LCT to Al Ghallan Island",
      "duration": 1.0,
      "planned_start": "2026-03-07",
      "planned_finish": "2026-03-07"
    },
    {
      "level1": "OPERATIONAL",
      "level2": "AGI TR Unit 6",
      "activity_id": "A2710",
      "activity_name": "LCT Arrival; Berthing at AGL RoRo Jetty",
      "duration": 0.5,
      "planned_start": "2026-03-08",
      "planned_finish": "2026-03-08"
    },
    {
      "level1": "OPERATIONAL",
      "level2": "AGI TR Unit 6",
      "activity_id": "A2720",
      "activity_name": "Unlashing and cutting; steel sets preparations - Forklift required",
      "duration": 0.5,
      "planned_start": "2026-03-08",
      "planned_finish": "2026-03-08"
    },
    {
      "level1": "OPERATIONAL",
      "level2": "AGI TR Unit 6",
      "activity_id": "A2730",
      "activity_name": "Load-in of AGI TR Unit 6 (including RoRo Ramp Installation); store on Jetty - Crane required",
      "duration": 1.0,
      "planned_start": "2026-03-09",
      "planned_finish": "2026-03-09"
    },
    {
      "level1": "OPERATIONAL",
      "level2": "AGI TR Unit 6",
      "activity_id": "A2740",
      "activity_name": "LCT Sails back to MZP to collect TR Unit 7",
      "duration": 1.0,
      "planned_start": "2026-03-10",
      "planned_finish": "2026-03-10"
    },
    {
      "level1": "OPERATIONAL",
      "level2": "AGI TR Unit 6",
      "activity_id": "A2750",
      "activity_name": "Steel bridge Installation - Crane required",
      "duration": 0.3,
      "planned_start": "2026-03-10",
      "planned_finish": "2026-03-10"
    },
    {
      "level1": "OPERATIONAL",
      "level2": "AGI TR Unit 6",
      "activity_id": "A2760",
      "activity_name": "AGL TR Unit 6 (TR Bay 6) load on SPMT; lashing; Transportation and JD (steel set to be delivered to bay area by trailer)",
      "duration": 0.7,
      "planned_start": "2026-03-10",
      "planned_finish": "2026-03-10"
    },
    {
      "level1": "OPERATIONAL",
      "level2": "AGI TR Unit 6",
      "activity_id": "A2770",
      "activity_name": "Turning of AGI TR Unit 6 (TR Bay 6) - 10t Forklift required",
      "duration": 3.0,
      "planned_start": "2026-03-11",
      "planned_finish": "2026-03-13"
    },
    {
      "level1": "OPERATIONAL",
      "level2": "AGI TR Unit 6",
      "activity_id": "A2780",
      "activity_name": "Jacking down of AGI TR Unit 6 (TR Bay 6) on temporary support - Forklift required",
      "duration": 1.0,
      "planned_start": "2026-03-14",
      "planned_finish": "2026-03-14"
    },
    {
      "level1": "OPERATIONAL",
      "level2": "AGI TR Unit 6",
      "activity_id": "A2790",
      "activity_name": "SPMT shifting back to Port",
      "duration": 0.5,
      "planned_start": "2026-03-12",
      "planned_finish": "2026-03-12"
    },
    {
      "level1": "OPERATIONAL",
      "level2": "AGI TR Unit 7",
      "activity_id": null,
      "activity_name": "AGI TR Unit 7",
      "duration": 11.0,
      "planned_start": "2026-03-11",
      "planned_finish": "2026-03-21"
    },
    {
      "level1": "OPERATIONAL",
      "level2": "AGI TR Unit 7",
      "activity_id": "A2800",
      "activity_name": "LCT Arrives at MZP; Deck preparations; Beam replacement",
      "duration": 1.0,
      "planned_start": "2026-03-11",
      "planned_finish": "2026-03-11"
    },
    {
      "level1": "OPERATIONAL",
      "level2": "AGI TR Unit 7",
      "activity_id": "A2810",
      "activity_name": "Loading of AGI TR Unit 7 on SPMT; lashing; Shifting to Mina Zayed Port RoRo Jetty area",
      "duration": 0.3,
      "planned_start": "2026-03-12",
      "planned_finish": "2026-03-12"
    },
    {
      "level1": "OPERATIONAL",
      "level2": "AGI TR Unit 7",
      "activity_id": "A2820",
      "activity_name": "RoRo Ramp Installation - 5t Frokift and Crane required",
      "duration": 0.3,
      "planned_start": "2026-03-12",
      "planned_finish": "2026-03-12"
    },
    {
      "level1": "OPERATIONAL",
      "level2": "AGI TR Unit 7",
      "activity_id": "A2830",
      "activity_name": "Load-out of AGL TR Unit 7; stool down",
      "duration": 0.2,
      "planned_start": "2026-03-12",
      "planned_finish": "2026-03-12"
    },
    {
      "level1": "OPERATIONAL",
      "level2": "AGI TR Unit 7",
      "activity_id": "A2840",
      "activity_name": "RoRo ramp removal; Seafastening AGL TR Unit 7 - Crane required",
      "duration": 1.5,
      "planned_start": "2026-03-12",
      "planned_finish": "2026-03-13"
    },
    {
      "level1": "OPERATIONAL",
      "level2": "AGI TR Unit 7",
      "activity_id": "A2850",
      "activity_name": "MWS; MPI; Sail-away - Marine Transportation by LCT to Al Ghallan Island",
      "duration": 1.0,
      "planned_start": "2026-03-14",
      "planned_finish": "2026-03-14"
    },
    {
      "level1": "OPERATIONAL",
      "level2": "AGI TR Unit 7",
      "activity_id": "A2860",
      "activity_name": "LCT Arrival; Berthing at AGL RoRo Jetty",
      "duration": 0.5,
      "planned_start": "2026-03-15",
      "planned_finish": "2026-03-15"
    },
    {
      "level1": "OPERATIONAL",
      "level2": "AGI TR Unit 7",
      "activity_id": "A2870",
      "activity_name": "Unlashing and cutting; steel sets preparations - Forklift required",
      "duration": 0.5,
      "planned_start": "2026-03-15",
      "planned_finish": "2026-03-15"
    },
    {
      "level1": "OPERATIONAL",
      "level2": "AGI TR Unit 7",
      "activity_id": "A2880",
      "activity_name": "Load-in of AGI TR Unit 7 (including RoRo Ramp Installation); store on Jetty - Crane required",
      "duration": 1.0,
      "planned_start": "2026-03-16",
      "planned_finish": "2026-03-16"
    },
    {
      "level1": "OPERATIONAL",
      "level2": "AGI TR Unit 7",
      "activity_id": "A2900",
      "activity_name": "Steel bridge Installation - Crane required",
      "duration": 0.3,
      "planned_start": "2026-03-17",
      "planned_finish": "2026-03-17"
    },
    {
      "level1": "OPERATIONAL",
      "level2": "AGI TR Unit 7",
      "activity_id": "A2910",
      "activity_name": "AGL TR Unit 7 (TR Bay 7) load on SPMT; lashing; Transportation and JD (steel set to be delivered to bay area by trailer)",
      "duration": 0.7,
      "planned_start": "2026-03-17",
      "planned_finish": "2026-03-17"
    },
    {
      "level1": "OPERATIONAL",
      "level2": "AGI TR Unit 7",
      "activity_id": "A2920",
      "activity_name": "Turning of AGI TR Unit 7 (TR Bay 7) - 10t Forklift required",
      "duration": 3.0,
      "planned_start": "2026-03-18",
      "planned_finish": "2026-03-20"
    },
    {
      "level1": "OPERATIONAL",
      "level2": "AGI TR Unit 7",
      "activity_id": "A2930",
      "activity_name": "Jacking down of AGI TR Unit 7 (TR Bay 7) on temporary support - Forklift required",
      "duration": 1.0,
      "planned_start": "2026-03-21",
      "planned_finish": "2026-03-21"
    },
    {
      "level1": "OPERATIONAL",
      "level2": "AGI TR Unit 7",
      "activity_id": "A2940",
      "activity_name": "SPMT shifting back to Port",
      "duration": 0.5,
      "planned_start": "2026-03-19",
      "planned_finish": "2026-03-19"
    }
  ],
  "summary": {
    "mobilization_count": 8,
    "demobilization_count": 8,
    "operational_count": 123,
    "total_activities": 139,
    "date_range": {
      "start": "2026-01-26",
      "finish": "2026-03-22"
    }
  }
}